City,Month,Avg Daily Deployment,City Center Max Cap,Fleet Size,Tasks per Month,Revenue per Month,Ops Cost per Month,Ops Profit per Month,Revenue per Vehicle per Day,Ops Cost per Task,Compliant,GR Priority
New York,Jan 2024,7420,9000,10000,667800,"$3,339,000.00","$2,337,300.00","$1,001,700.00",$15.00,$3.50,yes,High
New York,Feb 2024,7741,9000,10000,696690,"$3,483,450.00","$2,438,415.00","$1,045,035.00",$15.00,$3.50,yes,High
New York,Mar 2024,9910,9000,10000,891900,"$4,459,500.00","$3,121,650.00","$1,337,850.00",$15.00,$3.50,no,High
New York,Apr 2024,9273,9000,10000,834570,"$4,172,850.00","$2,920,995.00","$1,251,855.00",$15.00,$3.50,no,High
New York,May 2024,7428,9000,10000,668520,"$3,342,600.00","$2,339,820.00","$1,002,780.00",$15.00,$3.50,yes,High
New York,Jun 2024,8198,9000,10000,737820,"$3,689,100.00","$2,582,370.00","$1,106,730.00",$15.00,$3.50,yes,High
New York,Jul 2024,7702,9000,10000,693180,"$3,465,900.00","$2,426,130.00","$1,039,770.00",$15.00,$3.50,yes,High
New York,Aug 2024,9768,9000,10000,879120,"$4,395,600.00","$3,076,920.00","$1,318,680.00",$15.00,$3.50,no,High
New York,Sep 2024,8334,9000,10000,750060,"$3,750,300.00","$2,625,210.00","$1,125,090.00",$15.00,$3.50,yes,High
New York,Oct 2024,9187,9000,10000,826830,"$4,134,150.00","$2,893,905.00","$1,240,245.00",$15.00,$3.50,no,High
New York,Nov 2024,9933,9000,10000,893970,"$4,469,850.00","$3,128,895.00","$1,340,955.00",$15.00,$3.50,no,High
New York,Dec 2024,7631,9000,10000,686790,"$3,433,950.00","$2,403,765.00","$1,030,185.00",$15.00,$3.50,yes,High
New York,Jan 2025,9543,9000,10000,858870,"$4,294,350.00","$3,006,045.00","$1,288,305.00",$15.00,$3.50,no,High
New York,Feb 2025,7536,9000,10000,678240,"$3,391,200.00","$2,373,840.00","$1,017,360.00",$15.00,$3.50,yes,High
New York,Mar 2025,9832,9000,10000,884880,"$4,424,400.00","$3,097,080.00","$1,327,320.00",$15.00,$3.50,no,High
New York,Apr 2025,9968,9000,10000,897120,"$4,485,600.00","$3,139,920.00","$1,345,680.00",$15.00,$3.50,no,High
New York,May 2025,8956,9000,10000,806040,"$4,030,200.00","$2,821,140.00","$1,209,060.00",$15.00,$3.50,yes,High
New York,Jun 2025,8274,9000,10000,744660,"$3,723,300.00","$2,606,310.00","$1,116,990.00",$15.00,$3.50,yes,High
New York,Jul 2025,9848,9000,10000,886320,"$4,431,600.00","$3,102,120.00","$1,329,480.00",$15.00,$3.50,no,High
New York,Aug 2025,9803,9000,10000,882270,"$4,411,350.00","$3,087,945.00","$1,323,405.00",$15.00,$3.50,no,High
New York,Sep 2025,7454,9000,10000,670860,"$3,354,300.00","$2,348,010.00","$1,006,290.00",$15.00,$3.50,yes,High
New York,Oct 2025,7848,9000,10000,706320,"$3,531,600.00","$2,472,120.00","$1,059,480.00",$15.00,$3.50,yes,High
New York,Nov 2025,7757,9000,10000,698130,"$3,490,650.00","$2,443,455.00","$1,047,195.00",$15.00,$3.50,yes,High
New York,Dec 2025,7830,9000,10000,704700,"$3,523,500.00","$2,466,450.00","$1,057,050.00",$15.00,$3.50,yes,High
New York,Jan 2026,7971,9000,10000,717390,"$3,586,950.00","$2,510,865.00","$1,076,085.00",$15.00,$3.50,yes,High
New York,Feb 2026,7719,9000,10000,694710,"$3,473,550.00","$2,431,485.00","$1,042,065.00",$15.00,$3.50,yes,High
New York,Mar 2026,8897,9000,10000,800730,"$4,003,650.00","$2,802,555.00","$1,201,095.00",$15.00,$3.50,yes,High
Paris,Jan 2024,6972,7500,8000,627480,"$2,928,240.00","$2,039,310.00","$888,930.00",$14.00,$3.25,yes,High
Paris,Feb 2024,7134,7500,8000,642060,"$2,996,280.00","$2,086,695.00","$909,585.00",$14.00,$3.25,yes,High
Paris,Mar 2024,6662,7500,8000,599580,"$2,798,040.00","$1,948,635.00","$849,405.00",$14.00,$3.25,yes,High
Paris,Apr 2024,8000,7500,8000,720000,"$3,360,000.00","$2,340,000.00","$1,020,000.00",$14.00,$3.25,no,High
Paris,May 2024,7074,7500,8000,636660,"$2,971,080.00","$2,069,145.00","$901,935.00",$14.00,$3.25,yes,High
Paris,Jun 2024,8000,7500,8000,720000,"$3,360,000.00","$2,340,000.00","$1,020,000.00",$14.00,$3.25,no,High
Paris,Jul 2024,6193,7500,8000,557370,"$2,601,060.00","$1,811,452.50","$789,607.50",$14.00,$3.25,yes,High
Paris,Aug 2024,6511,7500,8000,585990,"$2,734,620.00","$1,904,467.50","$830,152.50",$14.00,$3.25,yes,High
Paris,Sep 2024,7422,7500,8000,667980,"$3,117,240.00","$2,170,935.00","$946,305.00",$14.00,$3.25,yes,High
Paris,Oct 2024,6574,7500,8000,591660,"$2,761,080.00","$1,922,895.00","$838,185.00",$14.00,$3.25,yes,High
Paris,Nov 2024,6684,7500,8000,601560,"$2,807,280.00","$1,955,070.00","$852,210.00",$14.00,$3.25,yes,High
Paris,Dec 2024,6769,7500,8000,609210,"$2,842,980.00","$1,979,932.50","$863,047.50",$14.00,$3.25,yes,High
Paris,Jan 2025,6482,7500,8000,583380,"$2,722,440.00","$1,895,985.00","$826,455.00",$14.00,$3.25,yes,High
Paris,Feb 2025,6504,7500,8000,585360,"$2,731,680.00","$1,902,420.00","$829,260.00",$14.00,$3.25,yes,High
Paris,Mar 2025,7362,7500,8000,662580,"$3,092,040.00","$2,153,385.00","$938,655.00",$14.00,$3.25,yes,High
Paris,Apr 2025,6446,7500,8000,580140,"$2,707,320.00","$1,885,455.00","$821,865.00",$14.00,$3.25,yes,High
Paris,May 2025,8000,7500,8000,720000,"$3,360,000.00","$2,340,000.00","$1,020,000.00",$14.00,$3.25,no,High
Paris,Jun 2025,6213,7500,8000,559170,"$2,609,460.00","$1,817,302.50","$792,157.50",$14.00,$3.25,yes,High
Paris,Jul 2025,6997,7500,8000,629730,"$2,938,740.00","$2,046,622.50","$892,117.50",$14.00,$3.25,yes,High
Paris,Aug 2025,6719,7500,8000,604710,"$2,821,980.00","$1,965,307.50","$856,672.50",$14.00,$3.25,yes,High
Paris,Sep 2025,6665,7500,8000,599850,"$2,799,300.00","$1,949,512.50","$849,787.50",$14.00,$3.25,yes,High
Paris,Oct 2025,8000,7500,8000,720000,"$3,360,000.00","$2,340,000.00","$1,020,000.00",$14.00,$3.25,no,High
Paris,Nov 2025,8000,7500,8000,720000,"$3,360,000.00","$2,340,000.00","$1,020,000.00",$14.00,$3.25,no,High
Paris,Dec 2025,7122,7500,8000,640980,"$2,991,240.00","$2,083,185.00","$908,055.00",$14.00,$3.25,yes,High
Paris,Jan 2026,6874,7500,8000,618660,"$2,887,080.00","$2,010,645.00","$876,435.00",$14.00,$3.25,yes,High
Paris,Feb 2026,7015,7500,8000,631350,"$2,946,300.00","$2,051,887.50","$894,412.50",$14.00,$3.25,yes,High
Paris,Mar 2026,6736,7500,8000,606240,"$2,829,120.00","$1,970,280.00","$858,840.00",$14.00,$3.25,yes,High
London,Jan 2024,6941,7000,7500,624690,"$2,915,220.00","$2,186,415.00","$728,805.00",$14.00,$3.50,yes,High
London,Feb 2024,7361,7000,7500,662490,"$3,091,620.00","$2,318,715.00","$772,905.00",$14.00,$3.50,no,High
London,Mar 2024,7290,7000,7500,656100,"$3,061,800.00","$2,296,350.00","$765,450.00",$14.00,$3.50,no,High
London,Apr 2024,7500,7000,7500,675000,"$3,150,000.00","$2,362,500.00","$787,500.00",$14.00,$3.50,no,High
London,May 2024,6545,7000,7500,589050,"$2,748,900.00","$2,061,675.00","$687,225.00",$14.00,$3.50,yes,High
London,Jun 2024,7268,7000,7500,654120,"$3,052,560.00","$2,289,420.00","$763,140.00",$14.00,$3.50,no,High
London,Jul 2024,7500,7000,7500,675000,"$3,150,000.00","$2,362,500.00","$787,500.00",$14.00,$3.50,no,High
London,Aug 2024,7500,7000,7500,675000,"$3,150,000.00","$2,362,500.00","$787,500.00",$14.00,$3.50,no,High
London,Sep 2024,6148,7000,7500,553320,"$2,582,160.00","$1,936,620.00","$645,540.00",$14.00,$3.50,yes,High
London,Oct 2024,6910,7000,7500,621900,"$2,902,200.00","$2,176,650.00","$725,550.00",$14.00,$3.50,yes,High
London,Nov 2024,7500,7000,7500,675000,"$3,150,000.00","$2,362,500.00","$787,500.00",$14.00,$3.50,no,High
London,Dec 2024,5812,7000,7500,523080,"$2,441,040.00","$1,830,780.00","$610,260.00",$14.00,$3.50,yes,High
London,Jan 2025,7500,7000,7500,675000,"$3,150,000.00","$2,362,500.00","$787,500.00",$14.00,$3.50,no,High
London,Feb 2025,6352,7000,7500,571680,"$2,667,840.00","$2,000,880.00","$666,960.00",$14.00,$3.50,yes,High
London,Mar 2025,6698,7000,7500,602820,"$2,813,160.00","$2,109,870.00","$703,290.00",$14.00,$3.50,yes,High
London,Apr 2025,7247,7000,7500,652230,"$3,043,740.00","$2,282,805.00","$760,935.00",$14.00,$3.50,no,High
London,May 2025,6432,7000,7500,578880,"$2,701,440.00","$2,026,080.00","$675,360.00",$14.00,$3.50,yes,High
London,Jun 2025,6839,7000,7500,615510,"$2,872,380.00","$2,154,285.00","$718,095.00",$14.00,$3.50,yes,High
London,Jul 2025,7317,7000,7500,658530,"$3,073,140.00","$2,304,855.00","$768,285.00",$14.00,$3.50,no,High
London,Aug 2025,7500,7000,7500,675000,"$3,150,000.00","$2,362,500.00","$787,500.00",$14.00,$3.50,no,High
London,Sep 2025,6132,7000,7500,551880,"$2,575,440.00","$1,931,580.00","$643,860.00",$14.00,$3.50,yes,High
London,Oct 2025,7500,7000,7500,675000,"$3,150,000.00","$2,362,500.00","$787,500.00",$14.00,$3.50,no,High
London,Nov 2025,6392,7000,7500,575280,"$2,684,640.00","$2,013,480.00","$671,160.00",$14.00,$3.50,yes,High
London,Dec 2025,6023,7000,7500,542070,"$2,529,660.00","$1,897,245.00","$632,415.00",$14.00,$3.50,yes,High
London,Jan 2026,6481,7000,7500,583290,"$2,722,020.00","$2,041,515.00","$680,505.00",$14.00,$3.50,yes,High
London,Feb 2026,6017,7000,7500,541530,"$2,527,140.00","$1,895,355.00","$631,785.00",$14.00,$3.50,yes,High
London,Mar 2026,6535,7000,7500,588150,"$2,744,700.00","$2,058,525.00","$686,175.00",$14.00,$3.50,yes,High
Tokyo,Jan 2024,5897,6000,6500,530730,"$2,299,830.00","$1,592,190.00","$707,640.00",$13.00,$3.00,yes,High
Tokyo,Feb 2024,4996,6000,6500,449640,"$1,948,440.00","$1,348,920.00","$599,520.00",$13.00,$3.00,yes,High
Tokyo,Mar 2024,5642,6000,6500,507780,"$2,200,380.00","$1,523,340.00","$677,040.00",$13.00,$3.00,yes,High
Tokyo,Apr 2024,5062,6000,6500,455580,"$1,974,180.00","$1,366,740.00","$607,440.00",$13.00,$3.00,yes,High
Tokyo,May 2024,6500,6000,6500,585000,"$2,535,000.00","$1,755,000.00","$780,000.00",$13.00,$3.00,no,High
Tokyo,Jun 2024,5767,6000,6500,519030,"$2,249,130.00","$1,557,090.00","$692,040.00",$13.00,$3.00,yes,High
Tokyo,Jul 2024,6257,6000,6500,563130,"$2,440,230.00","$1,689,390.00","$750,840.00",$13.00,$3.00,no,High
Tokyo,Aug 2024,5385,6000,6500,484650,"$2,100,150.00","$1,453,950.00","$646,200.00",$13.00,$3.00,yes,High
Tokyo,Sep 2024,5424,6000,6500,488160,"$2,115,360.00","$1,464,480.00","$650,880.00",$13.00,$3.00,yes,High
Tokyo,Oct 2024,5647,6000,6500,508230,"$2,202,330.00","$1,524,690.00","$677,640.00",$13.00,$3.00,yes,High
Tokyo,Nov 2024,6190,6000,6500,557100,"$2,414,100.00","$1,671,300.00","$742,800.00",$13.00,$3.00,no,High
Tokyo,Dec 2024,5286,6000,6500,475740,"$2,061,540.00","$1,427,220.00","$634,320.00",$13.00,$3.00,yes,High
Tokyo,Jan 2025,5188,6000,6500,466920,"$2,023,320.00","$1,400,760.00","$622,560.00",$13.00,$3.00,yes,High
Tokyo,Feb 2025,5404,6000,6500,486360,"$2,107,560.00","$1,459,080.00","$648,480.00",$13.00,$3.00,yes,High
Tokyo,Mar 2025,5220,6000,6500,469800,"$2,035,800.00","$1,409,400.00","$626,400.00",$13.00,$3.00,yes,High
Tokyo,Apr 2025,5917,6000,6500,532530,"$2,307,630.00","$1,597,590.00","$710,040.00",$13.00,$3.00,yes,High
Tokyo,May 2025,5850,6000,6500,526500,"$2,281,500.00","$1,579,500.00","$702,000.00",$13.00,$3.00,yes,High
Tokyo,Jun 2025,4974,6000,6500,447660,"$1,939,860.00","$1,342,980.00","$596,880.00",$13.00,$3.00,yes,High
Tokyo,Jul 2025,6500,6000,6500,585000,"$2,535,000.00","$1,755,000.00","$780,000.00",$13.00,$3.00,no,High
Tokyo,Aug 2025,6500,6000,6500,585000,"$2,535,000.00","$1,755,000.00","$780,000.00",$13.00,$3.00,no,High
Tokyo,Sep 2025,5099,6000,6500,458910,"$1,988,610.00","$1,376,730.00","$611,880.00",$13.00,$3.00,yes,High
Tokyo,Oct 2025,5150,6000,6500,463500,"$2,008,500.00","$1,390,500.00","$618,000.00",$13.00,$3.00,yes,High
Tokyo,Nov 2025,4983,6000,6500,448470,"$1,943,370.00","$1,345,410.00","$597,960.00",$13.00,$3.00,yes,High
Tokyo,Dec 2025,5984,6000,6500,538560,"$2,333,760.00","$1,615,680.00","$718,080.00",$13.00,$3.00,yes,High
Tokyo,Jan 2026,5766,6000,6500,518940,"$2,248,740.00","$1,556,820.00","$691,920.00",$13.00,$3.00,yes,High
Tokyo,Feb 2026,5376,6000,6500,483840,"$2,096,640.00","$1,451,520.00","$645,120.00",$13.00,$3.00,yes,High
Tokyo,Mar 2026,6500,6000,6500,585000,"$2,535,000.00","$1,755,000.00","$780,000.00",$13.00,$3.00,no,High
Los Angeles,Jan 2024,6000,5500,6000,540000,"$2,340,000.00","$1,620,000.00","$720,000.00",$13.00,$3.00,no,High
Los Angeles,Feb 2024,4803,5500,6000,432270,"$1,873,170.00","$1,296,810.00","$576,360.00",$13.00,$3.00,yes,High
Los Angeles,Mar 2024,5992,5500,6000,539280,"$2,336,880.00","$1,617,840.00","$719,040.00",$13.00,$3.00,no,High
Los Angeles,Apr 2024,6000,5500,6000,540000,"$2,340,000.00","$1,620,000.00","$720,000.00",$13.00,$3.00,no,High
Los Angeles,May 2024,5088,5500,6000,457920,"$1,984,320.00","$1,373,760.00","$610,560.00",$13.00,$3.00,yes,High
Los Angeles,Jun 2024,6000,5500,6000,540000,"$2,340,000.00","$1,620,000.00","$720,000.00",$13.00,$3.00,no,High
Los Angeles,Jul 2024,5461,5500,6000,491490,"$2,129,790.00","$1,474,470.00","$655,320.00",$13.00,$3.00,yes,High
Los Angeles,Aug 2024,4693,5500,6000,422370,"$1,830,270.00","$1,267,110.00","$563,160.00",$13.00,$3.00,yes,High
Los Angeles,Sep 2024,6000,5500,6000,540000,"$2,340,000.00","$1,620,000.00","$720,000.00",$13.00,$3.00,no,High
Los Angeles,Oct 2024,4628,5500,6000,416520,"$1,804,920.00","$1,249,560.00","$555,360.00",$13.00,$3.00,yes,High
Los Angeles,Nov 2024,5772,5500,6000,519480,"$2,251,080.00","$1,558,440.00","$692,640.00",$13.00,$3.00,no,High
Los Angeles,Dec 2024,6000,5500,6000,540000,"$2,340,000.00","$1,620,000.00","$720,000.00",$13.00,$3.00,no,High
Los Angeles,Jan 2025,5995,5500,6000,539550,"$2,338,050.00","$1,618,650.00","$719,400.00",$13.00,$3.00,no,High
Los Angeles,Feb 2025,6000,5500,6000,540000,"$2,340,000.00","$1,620,000.00","$720,000.00",$13.00,$3.00,no,High
Los Angeles,Mar 2025,5219,5500,6000,469710,"$2,035,410.00","$1,409,130.00","$626,280.00",$13.00,$3.00,yes,High
Los Angeles,Apr 2025,4901,5500,6000,441090,"$1,911,390.00","$1,323,270.00","$588,120.00",$13.00,$3.00,yes,High
Los Angeles,May 2025,5807,5500,6000,522630,"$2,264,730.00","$1,567,890.00","$696,840.00",$13.00,$3.00,no,High
Los Angeles,Jun 2025,6000,5500,6000,540000,"$2,340,000.00","$1,620,000.00","$720,000.00",$13.00,$3.00,no,High
Los Angeles,Jul 2025,4963,5500,6000,446670,"$1,935,570.00","$1,340,010.00","$595,560.00",$13.00,$3.00,yes,High
Los Angeles,Aug 2025,6000,5500,6000,540000,"$2,340,000.00","$1,620,000.00","$720,000.00",$13.00,$3.00,no,High
Los Angeles,Sep 2025,4721,5500,6000,424890,"$1,841,190.00","$1,274,670.00","$566,520.00",$13.00,$3.00,yes,High
Los Angeles,Oct 2025,5433,5500,6000,488970,"$2,118,870.00","$1,466,910.00","$651,960.00",$13.00,$3.00,yes,High
Los Angeles,Nov 2025,6000,5500,6000,540000,"$2,340,000.00","$1,620,000.00","$720,000.00",$13.00,$3.00,no,High
Los Angeles,Dec 2025,4666,5500,6000,419940,"$1,819,740.00","$1,259,820.00","$559,920.00",$13.00,$3.00,yes,High
Los Angeles,Jan 2026,6000,5500,6000,540000,"$2,340,000.00","$1,620,000.00","$720,000.00",$13.00,$3.00,no,High
Los Angeles,Feb 2026,6000,5500,6000,540000,"$2,340,000.00","$1,620,000.00","$720,000.00",$13.00,$3.00,no,High
Los Angeles,Mar 2026,5615,5500,6000,505350,"$2,189,850.00","$1,516,050.00","$673,800.00",$13.00,$3.00,no,High
Chicago,Jan 2024,3932,4500,5000,353880,"$1,415,520.00","$973,170.00","$442,350.00",$12.00,$2.75,yes,High
Chicago,Feb 2024,4450,4500,5000,400500,"$1,602,000.00","$1,101,375.00","$500,625.00",$12.00,$2.75,yes,High
Chicago,Mar 2024,3783,4500,5000,340470,"$1,361,880.00","$936,292.50","$425,587.50",$12.00,$2.75,yes,High
Chicago,Apr 2024,4138,4500,5000,372420,"$1,489,680.00","$1,024,155.00","$465,525.00",$12.00,$2.75,yes,High
Chicago,May 2024,4179,4500,5000,376110,"$1,504,440.00","$1,034,302.50","$470,137.50",$12.00,$2.75,yes,High
Chicago,Jun 2024,4699,4500,5000,422910,"$1,691,640.00","$1,163,002.50","$528,637.50",$12.00,$2.75,no,High
Chicago,Jul 2024,4732,4500,5000,425880,"$1,703,520.00","$1,171,170.00","$532,350.00",$12.00,$2.75,no,High
Chicago,Aug 2024,4423,4500,5000,398070,"$1,592,280.00","$1,094,692.50","$497,587.50",$12.00,$2.75,yes,High
Chicago,Sep 2024,4639,4500,5000,417510,"$1,670,040.00","$1,148,152.50","$521,887.50",$12.00,$2.75,no,High
Chicago,Oct 2024,3914,4500,5000,352260,"$1,409,040.00","$968,715.00","$440,325.00",$12.00,$2.75,yes,High
Chicago,Nov 2024,4314,4500,5000,388260,"$1,553,040.00","$1,067,715.00","$485,325.00",$12.00,$2.75,yes,High
Chicago,Dec 2024,3902,4500,5000,351180,"$1,404,720.00","$965,745.00","$438,975.00",$12.00,$2.75,yes,High
Chicago,Jan 2025,4136,4500,5000,372240,"$1,488,960.00","$1,023,660.00","$465,300.00",$12.00,$2.75,yes,High
Chicago,Feb 2025,3697,4500,5000,332730,"$1,330,920.00","$915,007.50","$415,912.50",$12.00,$2.75,yes,High
Chicago,Mar 2025,4405,4500,5000,396450,"$1,585,800.00","$1,090,237.50","$495,562.50",$12.00,$2.75,yes,High
Chicago,Apr 2025,4884,4500,5000,439560,"$1,758,240.00","$1,208,790.00","$549,450.00",$12.00,$2.75,no,High
Chicago,May 2025,4904,4500,5000,441360,"$1,765,440.00","$1,213,740.00","$551,700.00",$12.00,$2.75,no,High
Chicago,Jun 2025,3793,4500,5000,341370,"$1,365,480.00","$938,767.50","$426,712.50",$12.00,$2.75,yes,High
Chicago,Jul 2025,4418,4500,5000,397620,"$1,590,480.00","$1,093,455.00","$497,025.00",$12.00,$2.75,yes,High
Chicago,Aug 2025,5000,4500,5000,450000,"$1,800,000.00","$1,237,500.00","$562,500.00",$12.00,$2.75,no,High
Chicago,Sep 2025,4703,4500,5000,423270,"$1,693,080.00","$1,163,992.50","$529,087.50",$12.00,$2.75,no,High
Chicago,Oct 2025,3773,4500,5000,339570,"$1,358,280.00","$933,817.50","$424,462.50",$12.00,$2.75,yes,High
Chicago,Nov 2025,5000,4500,5000,450000,"$1,800,000.00","$1,237,500.00","$562,500.00",$12.00,$2.75,no,High
Chicago,Dec 2025,4192,4500,5000,377280,"$1,509,120.00","$1,037,520.00","$471,600.00",$12.00,$2.75,yes,High
Chicago,Jan 2026,4443,4500,5000,399870,"$1,599,480.00","$1,099,642.50","$499,837.50",$12.00,$2.75,yes,High
Chicago,Feb 2026,5000,4500,5000,450000,"$1,800,000.00","$1,237,500.00","$562,500.00",$12.00,$2.75,no,High
Chicago,Mar 2026,5000,4500,5000,450000,"$1,800,000.00","$1,237,500.00","$562,500.00",$12.00,$2.75,no,High
Sydney,Jan 2024,3810,4000,4500,342900,"$1,371,600.00","$942,975.00","$428,625.00",$12.00,$2.75,yes,High
Sydney,Feb 2024,3950,4000,4500,355500,"$1,422,000.00","$977,625.00","$444,375.00",$12.00,$2.75,yes,High
Sydney,Mar 2024,3902,4000,4500,351180,"$1,404,720.00","$965,745.00","$438,975.00",$12.00,$2.75,yes,High
Sydney,Apr 2024,3472,4000,4500,312480,"$1,249,920.00","$859,320.00","$390,600.00",$12.00,$2.75,yes,High
Sydney,May 2024,3357,4000,4500,302130,"$1,208,520.00","$830,857.50","$377,662.50",$12.00,$2.75,yes,High
Sydney,Jun 2024,4492,4000,4500,404280,"$1,617,120.00","$1,111,770.00","$505,350.00",$12.00,$2.75,no,High
Sydney,Jul 2024,3867,4000,4500,348030,"$1,392,120.00","$957,082.50","$435,037.50",$12.00,$2.75,yes,High
Sydney,Aug 2024,3499,4000,4500,314910,"$1,259,640.00","$866,002.50","$393,637.50",$12.00,$2.75,yes,High
Sydney,Sep 2024,3443,4000,4500,309870,"$1,239,480.00","$852,142.50","$387,337.50",$12.00,$2.75,yes,High
Sydney,Oct 2024,3419,4000,4500,307710,"$1,230,840.00","$846,202.50","$384,637.50",$12.00,$2.75,yes,High
Sydney,Nov 2024,3902,4000,4500,351180,"$1,404,720.00","$965,745.00","$438,975.00",$12.00,$2.75,yes,High
Sydney,Dec 2024,4213,4000,4500,379170,"$1,516,680.00","$1,042,717.50","$473,962.50",$12.00,$2.75,no,High
Sydney,Jan 2025,3567,4000,4500,321030,"$1,284,120.00","$882,832.50","$401,287.50",$12.00,$2.75,yes,High
Sydney,Feb 2025,4337,4000,4500,390330,"$1,561,320.00","$1,073,407.50","$487,912.50",$12.00,$2.75,no,High
Sydney,Mar 2025,4135,4000,4500,372150,"$1,488,600.00","$1,023,412.50","$465,187.50",$12.00,$2.75,no,High
Sydney,Apr 2025,4165,4000,4500,374850,"$1,499,400.00","$1,030,837.50","$468,562.50",$12.00,$2.75,no,High
Sydney,May 2025,4207,4000,4500,378630,"$1,514,520.00","$1,041,232.50","$473,287.50",$12.00,$2.75,no,High
Sydney,Jun 2025,3592,4000,4500,323280,"$1,293,120.00","$889,020.00","$404,100.00",$12.00,$2.75,yes,High
Sydney,Jul 2025,3505,4000,4500,315450,"$1,261,800.00","$867,487.50","$394,312.50",$12.00,$2.75,yes,High
Sydney,Aug 2025,3648,4000,4500,328320,"$1,313,280.00","$902,880.00","$410,400.00",$12.00,$2.75,yes,High
Sydney,Sep 2025,3695,4000,4500,332550,"$1,330,200.00","$914,512.50","$415,687.50",$12.00,$2.75,yes,High
Sydney,Oct 2025,3790,4000,4500,341100,"$1,364,400.00","$938,025.00","$426,375.00",$12.00,$2.75,yes,High
Sydney,Nov 2025,3946,4000,4500,355140,"$1,420,560.00","$976,635.00","$443,925.00",$12.00,$2.75,yes,High
Sydney,Dec 2025,3797,4000,4500,341730,"$1,366,920.00","$939,757.50","$427,162.50",$12.00,$2.75,yes,High
Sydney,Jan 2026,3762,4000,4500,338580,"$1,354,320.00","$931,095.00","$423,225.00",$12.00,$2.75,yes,High
Sydney,Feb 2026,3330,4000,4500,299700,"$1,198,800.00","$824,175.00","$374,625.00",$12.00,$2.75,yes,High
Sydney,Mar 2026,3517,4000,4500,316530,"$1,266,120.00","$870,457.50","$395,662.50",$12.00,$2.75,yes,High
Berlin,Jan 2024,3404,3500,4000,306360,"$1,123,320.00","$765,900.00","$357,420.00",$11.00,$2.50,yes,High
Berlin,Feb 2024,3696,3500,4000,332640,"$1,219,680.00","$831,600.00","$388,080.00",$11.00,$2.50,no,High
Berlin,Mar 2024,3127,3500,4000,281430,"$1,031,910.00","$703,575.00","$328,335.00",$11.00,$2.50,yes,High
Berlin,Apr 2024,3056,3500,4000,275040,"$1,008,480.00","$687,600.00","$320,880.00",$11.00,$2.50,yes,High
Berlin,May 2024,3134,3500,4000,282060,"$1,034,220.00","$705,150.00","$329,070.00",$11.00,$2.50,yes,High
Berlin,Jun 2024,3854,3500,4000,346860,"$1,271,820.00","$867,150.00","$404,670.00",$11.00,$2.50,no,High
Berlin,Jul 2024,3828,3500,4000,344520,"$1,263,240.00","$861,300.00","$401,940.00",$11.00,$2.50,no,High
Berlin,Aug 2024,3800,3500,4000,342000,"$1,254,000.00","$855,000.00","$399,000.00",$11.00,$2.50,no,High
Berlin,Sep 2024,3050,3500,4000,274500,"$1,006,500.00","$686,250.00","$320,250.00",$11.00,$2.50,yes,High
Berlin,Oct 2024,3235,3500,4000,291150,"$1,067,550.00","$727,875.00","$339,675.00",$11.00,$2.50,yes,High
Berlin,Nov 2024,3765,3500,4000,338850,"$1,242,450.00","$847,125.00","$395,325.00",$11.00,$2.50,no,High
Berlin,Dec 2024,3004,3500,4000,270360,"$991,320.00","$675,900.00","$315,420.00",$11.00,$2.50,yes,High
Berlin,Jan 2025,3437,3500,4000,309330,"$1,134,210.00","$773,325.00","$360,885.00",$11.00,$2.50,yes,High
Berlin,Feb 2025,3641,3500,4000,327690,"$1,201,530.00","$819,225.00","$382,305.00",$11.00,$2.50,no,High
Berlin,Mar 2025,3194,3500,4000,287460,"$1,054,020.00","$718,650.00","$335,370.00",$11.00,$2.50,yes,High
Berlin,Apr 2025,3710,3500,4000,333900,"$1,224,300.00","$834,750.00","$389,550.00",$11.00,$2.50,no,High
Berlin,May 2025,3885,3500,4000,349650,"$1,282,050.00","$874,125.00","$407,925.00",$11.00,$2.50,no,High
Berlin,Jun 2025,3664,3500,4000,329760,"$1,209,120.00","$824,400.00","$384,720.00",$11.00,$2.50,no,High
Berlin,Jul 2025,2885,3500,4000,259650,"$952,050.00","$649,125.00","$302,925.00",$11.00,$2.50,yes,High
Berlin,Aug 2025,3169,3500,4000,285210,"$1,045,770.00","$713,025.00","$332,745.00",$11.00,$2.50,yes,High
Berlin,Sep 2025,3600,3500,4000,324000,"$1,188,000.00","$810,000.00","$378,000.00",$11.00,$2.50,no,High
Berlin,Oct 2025,3266,3500,4000,293940,"$1,077,780.00","$734,850.00","$342,930.00",$11.00,$2.50,yes,High
Berlin,Nov 2025,3308,3500,4000,297720,"$1,091,640.00","$744,300.00","$347,340.00",$11.00,$2.50,yes,High
Berlin,Dec 2025,3023,3500,4000,272070,"$997,590.00","$680,175.00","$317,415.00",$11.00,$2.50,yes,High
Berlin,Jan 2026,3572,3500,4000,321480,"$1,178,760.00","$803,700.00","$375,060.00",$11.00,$2.50,no,High
Berlin,Feb 2026,3893,3500,4000,350370,"$1,284,690.00","$875,925.00","$408,765.00",$11.00,$2.50,no,High
Berlin,Mar 2026,3137,3500,4000,282330,"$1,035,210.00","$705,825.00","$329,385.00",$11.00,$2.50,yes,High
São Paulo,Jan 2024,2977,3000,3500,267930,"$893,100.00","$535,860.00","$357,240.00",$10.00,$2.00,yes,High
São Paulo,Feb 2024,3078,3000,3500,277020,"$923,400.00","$554,040.00","$369,360.00",$10.00,$2.00,no,High
São Paulo,Mar 2024,2918,3000,3500,262620,"$875,400.00","$525,240.00","$350,160.00",$10.00,$2.00,yes,High
São Paulo,Apr 2024,3348,3000,3500,301320,"$1,004,400.00","$602,640.00","$401,760.00",$10.00,$2.00,no,High
São Paulo,May 2024,3415,3000,3500,307350,"$1,024,500.00","$614,700.00","$409,800.00",$10.00,$2.00,no,High
São Paulo,Jun 2024,3402,3000,3500,306180,"$1,020,600.00","$612,360.00","$408,240.00",$10.00,$2.00,no,High
São Paulo,Jul 2024,3280,3000,3500,295200,"$984,000.00","$590,400.00","$393,600.00",$10.00,$2.00,no,High
São Paulo,Aug 2024,3241,3000,3500,291690,"$972,300.00","$583,380.00","$388,920.00",$10.00,$2.00,no,High
São Paulo,Sep 2024,3257,3000,3500,293130,"$977,100.00","$586,260.00","$390,840.00",$10.00,$2.00,no,High
São Paulo,Oct 2024,3327,3000,3500,299430,"$998,100.00","$598,860.00","$399,240.00",$10.00,$2.00,no,High
São Paulo,Nov 2024,3153,3000,3500,283770,"$945,900.00","$567,540.00","$378,360.00",$10.00,$2.00,no,High
São Paulo,Dec 2024,2804,3000,3500,252360,"$841,200.00","$504,720.00","$336,480.00",$10.00,$2.00,yes,High
São Paulo,Jan 2025,3247,3000,3500,292230,"$974,100.00","$584,460.00","$389,640.00",$10.00,$2.00,no,High
São Paulo,Feb 2025,3158,3000,3500,284220,"$947,400.00","$568,440.00","$378,960.00",$10.00,$2.00,no,High
São Paulo,Mar 2025,2614,3000,3500,235260,"$784,200.00","$470,520.00","$313,680.00",$10.00,$2.00,yes,High
São Paulo,Apr 2025,2632,3000,3500,236880,"$789,600.00","$473,760.00","$315,840.00",$10.00,$2.00,yes,High
São Paulo,May 2025,3109,3000,3500,279810,"$932,700.00","$559,620.00","$373,080.00",$10.00,$2.00,no,High
São Paulo,Jun 2025,3309,3000,3500,297810,"$992,700.00","$595,620.00","$397,080.00",$10.00,$2.00,no,High
São Paulo,Jul 2025,3083,3000,3500,277470,"$924,900.00","$554,940.00","$369,960.00",$10.00,$2.00,no,High
São Paulo,Aug 2025,3255,3000,3500,292950,"$976,500.00","$585,900.00","$390,600.00",$10.00,$2.00,no,High
São Paulo,Sep 2025,3134,3000,3500,282060,"$940,200.00","$564,120.00","$376,080.00",$10.00,$2.00,no,High
São Paulo,Oct 2025,3385,3000,3500,304650,"$1,015,500.00","$609,300.00","$406,200.00",$10.00,$2.00,no,High
São Paulo,Nov 2025,3310,3000,3500,297900,"$993,000.00","$595,800.00","$397,200.00",$10.00,$2.00,no,High
São Paulo,Dec 2025,3335,3000,3500,300150,"$1,000,500.00","$600,300.00","$400,200.00",$10.00,$2.00,no,High
São Paulo,Jan 2026,3062,3000,3500,275580,"$918,600.00","$551,160.00","$367,440.00",$10.00,$2.00,no,High
São Paulo,Feb 2026,2866,3000,3500,257940,"$859,800.00","$515,880.00","$343,920.00",$10.00,$2.00,yes,High
São Paulo,Mar 2026,3403,3000,3500,306270,"$1,020,900.00","$612,540.00","$408,360.00",$10.00,$2.00,no,High
Toronto,Jan 2024,2625,2750,3000,236250,"$866,250.00","$590,625.00","$275,625.00",$11.00,$2.50,yes,High
Toronto,Feb 2024,2553,2750,3000,229770,"$842,490.00","$574,425.00","$268,065.00",$11.00,$2.50,yes,High
Toronto,Mar 2024,2363,2750,3000,212670,"$779,790.00","$531,675.00","$248,115.00",$11.00,$2.50,yes,High
Toronto,Apr 2024,2269,2750,3000,204210,"$748,770.00","$510,525.00","$238,245.00",$11.00,$2.50,yes,High
Toronto,May 2024,2591,2750,3000,233190,"$855,030.00","$582,975.00","$272,055.00",$11.00,$2.50,yes,High
Toronto,Jun 2024,2336,2750,3000,210240,"$770,880.00","$525,600.00","$245,280.00",$11.00,$2.50,yes,High
Toronto,Jul 2024,2318,2750,3000,208620,"$764,940.00","$521,550.00","$243,390.00",$11.00,$2.50,yes,High
Toronto,Aug 2024,2813,2750,3000,253170,"$928,290.00","$632,925.00","$295,365.00",$11.00,$2.50,no,High
Toronto,Sep 2024,2534,2750,3000,228060,"$836,220.00","$570,150.00","$266,070.00",$11.00,$2.50,yes,High
Toronto,Oct 2024,2573,2750,3000,231570,"$849,090.00","$578,925.00","$270,165.00",$11.00,$2.50,yes,High
Toronto,Nov 2024,2483,2750,3000,223470,"$819,390.00","$558,675.00","$260,715.00",$11.00,$2.50,yes,High
Toronto,Dec 2024,2442,2750,3000,219780,"$805,860.00","$549,450.00","$256,410.00",$11.00,$2.50,yes,High
Toronto,Jan 2025,2416,2750,3000,217440,"$797,280.00","$543,600.00","$253,680.00",$11.00,$2.50,yes,High
Toronto,Feb 2025,2442,2750,3000,219780,"$805,860.00","$549,450.00","$256,410.00",$11.00,$2.50,yes,High
Toronto,Mar 2025,3000,2750,3000,270000,"$990,000.00","$675,000.00","$315,000.00",$11.00,$2.50,no,High
Toronto,Apr 2025,2295,2750,3000,206550,"$757,350.00","$516,375.00","$240,975.00",$11.00,$2.50,yes,High
Toronto,May 2025,2522,2750,3000,226980,"$832,260.00","$567,450.00","$264,810.00",$11.00,$2.50,yes,High
Toronto,Jun 2025,2920,2750,3000,262800,"$963,600.00","$657,000.00","$306,600.00",$11.00,$2.50,no,High
Toronto,Jul 2025,3000,2750,3000,270000,"$990,000.00","$675,000.00","$315,000.00",$11.00,$2.50,no,High
Toronto,Aug 2025,3000,2750,3000,270000,"$990,000.00","$675,000.00","$315,000.00",$11.00,$2.50,no,High
Toronto,Sep 2025,2870,2750,3000,258300,"$947,100.00","$645,750.00","$301,350.00",$11.00,$2.50,no,High
Toronto,Oct 2025,2330,2750,3000,209700,"$768,900.00","$524,250.00","$244,650.00",$11.00,$2.50,yes,High
Toronto,Nov 2025,2586,2750,3000,232740,"$853,380.00","$581,850.00","$271,530.00",$11.00,$2.50,yes,High
Toronto,Dec 2025,2362,2750,3000,212580,"$779,460.00","$531,450.00","$248,010.00",$11.00,$2.50,yes,High
Toronto,Jan 2026,2634,2750,3000,237060,"$869,220.00","$592,650.00","$276,570.00",$11.00,$2.50,yes,High
Toronto,Feb 2026,2555,2750,3000,229950,"$843,150.00","$574,875.00","$268,275.00",$11.00,$2.50,yes,High
Toronto,Mar 2026,2842,2750,3000,255780,"$937,860.00","$639,450.00","$298,410.00",$11.00,$2.50,no,High
Austin,Jan 2024,2498,2200,2500,224820,"$749,400.00","$505,845.00","$243,555.00",$10.00,$2.25,no,High
Austin,Feb 2024,1814,2200,2500,163260,"$544,200.00","$367,335.00","$176,865.00",$10.00,$2.25,yes,High
Austin,Mar 2024,2072,2200,2500,186480,"$621,600.00","$419,580.00","$202,020.00",$10.00,$2.25,yes,High
Austin,Apr 2024,2348,2200,2500,211320,"$704,400.00","$475,470.00","$228,930.00",$10.00,$2.25,no,High
Austin,May 2024,2264,2200,2500,203760,"$679,200.00","$458,460.00","$220,740.00",$10.00,$2.25,no,High
Austin,Jun 2024,2409,2200,2500,216810,"$722,700.00","$487,822.50","$234,877.50",$10.00,$2.25,no,High
Austin,Jul 2024,2109,2200,2500,189810,"$632,700.00","$427,072.50","$205,627.50",$10.00,$2.25,yes,High
Austin,Aug 2024,2402,2200,2500,216180,"$720,600.00","$486,405.00","$234,195.00",$10.00,$2.25,no,High
Austin,Sep 2024,2193,2200,2500,197370,"$657,900.00","$444,082.50","$213,817.50",$10.00,$2.25,yes,High
Austin,Oct 2024,2335,2200,2500,210150,"$700,500.00","$472,837.50","$227,662.50",$10.00,$2.25,no,High
Austin,Nov 2024,1950,2200,2500,175500,"$585,000.00","$394,875.00","$190,125.00",$10.00,$2.25,yes,High
Austin,Dec 2024,1939,2200,2500,174510,"$581,700.00","$392,647.50","$189,052.50",$10.00,$2.25,yes,High
Austin,Jan 2025,2461,2200,2500,221490,"$738,300.00","$498,352.50","$239,947.50",$10.00,$2.25,no,High
Austin,Feb 2025,2184,2200,2500,196560,"$655,200.00","$442,260.00","$212,940.00",$10.00,$2.25,yes,High
Austin,Mar 2025,2462,2200,2500,221580,"$738,600.00","$498,555.00","$240,045.00",$10.00,$2.25,no,High
Austin,Apr 2025,2358,2200,2500,212220,"$707,400.00","$477,495.00","$229,905.00",$10.00,$2.25,no,High
Austin,May 2025,2498,2200,2500,224820,"$749,400.00","$505,845.00","$243,555.00",$10.00,$2.25,no,High
Austin,Jun 2025,2124,2200,2500,191160,"$637,200.00","$430,110.00","$207,090.00",$10.00,$2.25,yes,High
Austin,Jul 2025,2371,2200,2500,213390,"$711,300.00","$480,127.50","$231,172.50",$10.00,$2.25,no,High
Austin,Aug 2025,2436,2200,2500,219240,"$730,800.00","$493,290.00","$237,510.00",$10.00,$2.25,no,High
Austin,Sep 2025,2141,2200,2500,192690,"$642,300.00","$433,552.50","$208,747.50",$10.00,$2.25,yes,High
Austin,Oct 2025,2266,2200,2500,203940,"$679,800.00","$458,865.00","$220,935.00",$10.00,$2.25,no,High
Austin,Nov 2025,2308,2200,2500,207720,"$692,400.00","$467,370.00","$225,030.00",$10.00,$2.25,no,High
Austin,Dec 2025,2045,2200,2500,184050,"$613,500.00","$414,112.50","$199,387.50",$10.00,$2.25,yes,High
Austin,Jan 2026,1815,2200,2500,163350,"$544,500.00","$367,537.50","$176,962.50",$10.00,$2.25,yes,High
Austin,Feb 2026,2292,2200,2500,206280,"$687,600.00","$464,130.00","$223,470.00",$10.00,$2.25,no,High
Austin,Mar 2026,2119,2200,2500,190710,"$635,700.00","$429,097.50","$206,602.50",$10.00,$2.25,yes,High
Amsterdam,Jan 2024,1761,1800,2000,158490,"$581,130.00","$396,225.00","$184,905.00",$11.00,$2.50,yes,High
Amsterdam,Feb 2024,1565,1800,2000,140850,"$516,450.00","$352,125.00","$164,325.00",$11.00,$2.50,yes,High
Amsterdam,Mar 2024,1783,1800,2000,160470,"$588,390.00","$401,175.00","$187,215.00",$11.00,$2.50,yes,High
Amsterdam,Apr 2024,1709,1800,2000,153810,"$563,970.00","$384,525.00","$179,445.00",$11.00,$2.50,yes,High
Amsterdam,May 2024,1721,1800,2000,154890,"$567,930.00","$387,225.00","$180,705.00",$11.00,$2.50,yes,High
Amsterdam,Jun 2024,1685,1800,2000,151650,"$556,050.00","$379,125.00","$176,925.00",$11.00,$2.50,yes,High
Amsterdam,Jul 2024,1732,1800,2000,155880,"$571,560.00","$389,700.00","$181,860.00",$11.00,$2.50,yes,High
Amsterdam,Aug 2024,1547,1800,2000,139230,"$510,510.00","$348,075.00","$162,435.00",$11.00,$2.50,yes,High
Amsterdam,Sep 2024,1575,1800,2000,141750,"$519,750.00","$354,375.00","$165,375.00",$11.00,$2.50,yes,High
Amsterdam,Oct 2024,1629,1800,2000,146610,"$537,570.00","$366,525.00","$171,045.00",$11.00,$2.50,yes,High
Amsterdam,Nov 2024,1613,1800,2000,145170,"$532,290.00","$362,925.00","$169,365.00",$11.00,$2.50,yes,High
Amsterdam,Dec 2024,1583,1800,2000,142470,"$522,390.00","$356,175.00","$166,215.00",$11.00,$2.50,yes,High
Amsterdam,Jan 2025,1563,1800,2000,140670,"$515,790.00","$351,675.00","$164,115.00",$11.00,$2.50,yes,High
Amsterdam,Feb 2025,1515,1800,2000,136350,"$499,950.00","$340,875.00","$159,075.00",$11.00,$2.50,yes,High
Amsterdam,Mar 2025,1514,1800,2000,136260,"$499,620.00","$340,650.00","$158,970.00",$11.00,$2.50,yes,High
Amsterdam,Apr 2025,1722,1800,2000,154980,"$568,260.00","$387,450.00","$180,810.00",$11.00,$2.50,yes,High
Amsterdam,May 2025,1546,1800,2000,139140,"$510,180.00","$347,850.00","$162,330.00",$11.00,$2.50,yes,High
Amsterdam,Jun 2025,1710,1800,2000,153900,"$564,300.00","$384,750.00","$179,550.00",$11.00,$2.50,yes,High
Amsterdam,Jul 2025,1949,1800,2000,175410,"$643,170.00","$438,525.00","$204,645.00",$11.00,$2.50,no,High
Amsterdam,Aug 2025,1508,1800,2000,135720,"$497,640.00","$339,300.00","$158,340.00",$11.00,$2.50,yes,High
Amsterdam,Sep 2025,1549,1800,2000,139410,"$511,170.00","$348,525.00","$162,645.00",$11.00,$2.50,yes,High
Amsterdam,Oct 2025,1480,1800,2000,133200,"$488,400.00","$333,000.00","$155,400.00",$11.00,$2.50,yes,High
Amsterdam,Nov 2025,1564,1800,2000,140760,"$516,120.00","$351,900.00","$164,220.00",$11.00,$2.50,yes,High
Amsterdam,Dec 2025,1955,1800,2000,175950,"$645,150.00","$439,875.00","$205,275.00",$11.00,$2.50,no,High
Amsterdam,Jan 2026,1516,1800,2000,136440,"$500,280.00","$341,100.00","$159,180.00",$11.00,$2.50,yes,High
Amsterdam,Feb 2026,1635,1800,2000,147150,"$539,550.00","$367,875.00","$171,675.00",$11.00,$2.50,yes,High
Amsterdam,Mar 2026,1661,1800,2000,149490,"$548,130.00","$373,725.00","$174,405.00",$11.00,$2.50,yes,High
Melbourne,Jan 2024,1169,1300,1500,105210,"$350,700.00","$236,722.50","$113,977.50",$10.00,$2.25,yes,High
Melbourne,Feb 2024,1078,1300,1500,97020,"$323,400.00","$218,295.00","$105,105.00",$10.00,$2.25,yes,High
Melbourne,Mar 2024,1400,1300,1500,126000,"$420,000.00","$283,500.00","$136,500.00",$10.00,$2.25,no,High
Melbourne,Apr 2024,1388,1300,1500,124920,"$416,400.00","$281,070.00","$135,330.00",$10.00,$2.25,no,High
Melbourne,May 2024,1213,1300,1500,109170,"$363,900.00","$245,632.50","$118,267.50",$10.00,$2.25,yes,High
Melbourne,Jun 2024,1100,1300,1500,99000,"$330,000.00","$222,750.00","$107,250.00",$10.00,$2.25,yes,High
Melbourne,Jul 2024,1373,1300,1500,123570,"$411,900.00","$278,032.50","$133,867.50",$10.00,$2.25,no,High
Melbourne,Aug 2024,1344,1300,1500,120960,"$403,200.00","$272,160.00","$131,040.00",$10.00,$2.25,no,High
Melbourne,Sep 2024,1420,1300,1500,127800,"$426,000.00","$287,550.00","$138,450.00",$10.00,$2.25,no,High
Melbourne,Oct 2024,1361,1300,1500,122490,"$408,300.00","$275,602.50","$132,697.50",$10.00,$2.25,no,High
Melbourne,Nov 2024,1171,1300,1500,105390,"$351,300.00","$237,127.50","$114,172.50",$10.00,$2.25,yes,High
Melbourne,Dec 2024,1267,1300,1500,114030,"$380,100.00","$256,567.50","$123,532.50",$10.00,$2.25,yes,High
Melbourne,Jan 2025,1373,1300,1500,123570,"$411,900.00","$278,032.50","$133,867.50",$10.00,$2.25,no,High
Melbourne,Feb 2025,1208,1300,1500,108720,"$362,400.00","$244,620.00","$117,780.00",$10.00,$2.25,yes,High
Melbourne,Mar 2025,1473,1300,1500,132570,"$441,900.00","$298,282.50","$143,617.50",$10.00,$2.25,no,High
Melbourne,Apr 2025,1115,1300,1500,100350,"$334,500.00","$225,787.50","$108,712.50",$10.00,$2.25,yes,High
Melbourne,May 2025,1102,1300,1500,99180,"$330,600.00","$223,155.00","$107,445.00",$10.00,$2.25,yes,High
Melbourne,Jun 2025,1083,1300,1500,97470,"$324,900.00","$219,307.50","$105,592.50",$10.00,$2.25,yes,High
Melbourne,Jul 2025,1171,1300,1500,105390,"$351,300.00","$237,127.50","$114,172.50",$10.00,$2.25,yes,High
Melbourne,Aug 2025,1371,1300,1500,123390,"$411,300.00","$277,627.50","$133,672.50",$10.00,$2.25,no,High
Melbourne,Sep 2025,1231,1300,1500,110790,"$369,300.00","$249,277.50","$120,022.50",$10.00,$2.25,yes,High
Melbourne,Oct 2025,1172,1300,1500,105480,"$351,600.00","$237,330.00","$114,270.00",$10.00,$2.25,yes,High
Melbourne,Nov 2025,1282,1300,1500,115380,"$384,600.00","$259,605.00","$124,995.00",$10.00,$2.25,yes,High
Melbourne,Dec 2025,1212,1300,1500,109080,"$363,600.00","$245,430.00","$118,170.00",$10.00,$2.25,yes,High
Melbourne,Jan 2026,1284,1300,1500,115560,"$385,200.00","$260,010.00","$125,190.00",$10.00,$2.25,yes,High
Melbourne,Feb 2026,1193,1300,1500,107370,"$357,900.00","$241,582.50","$116,317.50",$10.00,$2.25,yes,High
Melbourne,Mar 2026,1278,1300,1500,115020,"$383,400.00","$258,795.00","$124,605.00",$10.00,$2.25,yes,High
Bogotá,Jan 2024,1028,1000,1200,92520,"$246,720.00","$161,910.00","$84,810.00",$8.00,$1.75,no,High
Bogotá,Feb 2024,875,1000,1200,78750,"$210,000.00","$137,812.50","$72,187.50",$8.00,$1.75,yes,High
Bogotá,Mar 2024,1088,1000,1200,97920,"$261,120.00","$171,360.00","$89,760.00",$8.00,$1.75,no,High
Bogotá,Apr 2024,1034,1000,1200,93060,"$248,160.00","$162,855.00","$85,305.00",$8.00,$1.75,no,High
Bogotá,May 2024,1103,1000,1200,99270,"$264,720.00","$173,722.50","$90,997.50",$8.00,$1.75,no,High
Bogotá,Jun 2024,1080,1000,1200,97200,"$259,200.00","$170,100.00","$89,100.00",$8.00,$1.75,no,High
Bogotá,Jul 2024,1029,1000,1200,92610,"$246,960.00","$162,067.50","$84,892.50",$8.00,$1.75,no,High
Bogotá,Aug 2024,897,1000,1200,80730,"$215,280.00","$141,277.50","$74,002.50",$8.00,$1.75,yes,High
Bogotá,Sep 2024,1050,1000,1200,94500,"$252,000.00","$165,375.00","$86,625.00",$8.00,$1.75,no,High
Bogotá,Oct 2024,993,1000,1200,89370,"$238,320.00","$156,397.50","$81,922.50",$8.00,$1.75,yes,High
Bogotá,Nov 2024,1089,1000,1200,98010,"$261,360.00","$171,517.50","$89,842.50",$8.00,$1.75,no,High
Bogotá,Dec 2024,1139,1000,1200,102510,"$273,360.00","$179,392.50","$93,967.50",$8.00,$1.75,no,High
Bogotá,Jan 2025,1052,1000,1200,94680,"$252,480.00","$165,690.00","$86,790.00",$8.00,$1.75,no,High
Bogotá,Feb 2025,956,1000,1200,86040,"$229,440.00","$150,570.00","$78,870.00",$8.00,$1.75,yes,High
Bogotá,Mar 2025,1098,1000,1200,98820,"$263,520.00","$172,935.00","$90,585.00",$8.00,$1.75,no,High
Bogotá,Apr 2025,1041,1000,1200,93690,"$249,840.00","$163,957.50","$85,882.50",$8.00,$1.75,no,High
Bogotá,May 2025,1096,1000,1200,98640,"$263,040.00","$172,620.00","$90,420.00",$8.00,$1.75,no,High
Bogotá,Jun 2025,1030,1000,1200,92700,"$247,200.00","$162,225.00","$84,975.00",$8.00,$1.75,no,High
Bogotá,Jul 2025,1059,1000,1200,95310,"$254,160.00","$166,792.50","$87,367.50",$8.00,$1.75,no,High
Bogotá,Aug 2025,1122,1000,1200,100980,"$269,280.00","$176,715.00","$92,565.00",$8.00,$1.75,no,High
Bogotá,Sep 2025,1103,1000,1200,99270,"$264,720.00","$173,722.50","$90,997.50",$8.00,$1.75,no,High
Bogotá,Oct 2025,1133,1000,1200,101970,"$271,920.00","$178,447.50","$93,472.50",$8.00,$1.75,no,High
Bogotá,Nov 2025,1086,1000,1200,97740,"$260,640.00","$171,045.00","$89,595.00",$8.00,$1.75,no,High
Bogotá,Dec 2025,1057,1000,1200,95130,"$253,680.00","$166,477.50","$87,202.50",$8.00,$1.75,no,High
Bogotá,Jan 2026,994,1000,1200,89460,"$238,560.00","$156,555.00","$82,005.00",$8.00,$1.75,yes,High
Bogotá,Feb 2026,1081,1000,1200,97290,"$259,440.00","$170,257.50","$89,182.50",$8.00,$1.75,no,High
Bogotá,Mar 2026,1098,1000,1200,98820,"$263,520.00","$172,935.00","$90,585.00",$8.00,$1.75,no,High
Nashville,Jan 2024,804,900,1000,72360,"$241,200.00","$144,720.00","$96,480.00",$10.00,$2.00,yes,High
Nashville,Feb 2024,796,900,1000,71640,"$238,800.00","$143,280.00","$95,520.00",$10.00,$2.00,yes,High
Nashville,Mar 2024,985,900,1000,88650,"$295,500.00","$177,300.00","$118,200.00",$10.00,$2.00,no,High
Nashville,Apr 2024,939,900,1000,84510,"$281,700.00","$169,020.00","$112,680.00",$10.00,$2.00,no,High
Nashville,May 2024,1000,900,1000,90000,"$300,000.00","$180,000.00","$120,000.00",$10.00,$2.00,no,High
Nashville,Jun 2024,993,900,1000,89370,"$297,900.00","$178,740.00","$119,160.00",$10.00,$2.00,no,High
Nashville,Jul 2024,895,900,1000,80550,"$268,500.00","$161,100.00","$107,400.00",$10.00,$2.00,yes,High
Nashville,Aug 2024,943,900,1000,84870,"$282,900.00","$169,740.00","$113,160.00",$10.00,$2.00,no,High
Nashville,Sep 2024,827,900,1000,74430,"$248,100.00","$148,860.00","$99,240.00",$10.00,$2.00,yes,High
Nashville,Oct 2024,928,900,1000,83520,"$278,400.00","$167,040.00","$111,360.00",$10.00,$2.00,no,High
Nashville,Nov 2024,1000,900,1000,90000,"$300,000.00","$180,000.00","$120,000.00",$10.00,$2.00,no,High
Nashville,Dec 2024,757,900,1000,68130,"$227,100.00","$136,260.00","$90,840.00",$10.00,$2.00,yes,High
Nashville,Jan 2025,971,900,1000,87390,"$291,300.00","$174,780.00","$116,520.00",$10.00,$2.00,no,High
Nashville,Feb 2025,972,900,1000,87480,"$291,600.00","$174,960.00","$116,640.00",$10.00,$2.00,no,High
Nashville,Mar 2025,873,900,1000,78570,"$261,900.00","$157,140.00","$104,760.00",$10.00,$2.00,yes,High
Nashville,Apr 2025,944,900,1000,84960,"$283,200.00","$169,920.00","$113,280.00",$10.00,$2.00,no,High
Nashville,May 2025,959,900,1000,86310,"$287,700.00","$172,620.00","$115,080.00",$10.00,$2.00,no,High
Nashville,Jun 2025,972,900,1000,87480,"$291,600.00","$174,960.00","$116,640.00",$10.00,$2.00,no,High
Nashville,Jul 2025,1000,900,1000,90000,"$300,000.00","$180,000.00","$120,000.00",$10.00,$2.00,no,High
Nashville,Aug 2025,865,900,1000,77850,"$259,500.00","$155,700.00","$103,800.00",$10.00,$2.00,yes,High
Nashville,Sep 2025,889,900,1000,80010,"$266,700.00","$160,020.00","$106,680.00",$10.00,$2.00,yes,High
Nashville,Oct 2025,1000,900,1000,90000,"$300,000.00","$180,000.00","$120,000.00",$10.00,$2.00,no,High
Nashville,Nov 2025,786,900,1000,70740,"$235,800.00","$141,480.00","$94,320.00",$10.00,$2.00,yes,High
Nashville,Dec 2025,899,900,1000,80910,"$269,700.00","$161,820.00","$107,880.00",$10.00,$2.00,yes,High
Nashville,Jan 2026,762,900,1000,68580,"$228,600.00","$137,160.00","$91,440.00",$10.00,$2.00,yes,High
Nashville,Feb 2026,793,900,1000,71370,"$237,900.00","$142,740.00","$95,160.00",$10.00,$2.00,yes,High
Nashville,Mar 2026,976,900,1000,87840,"$292,800.00","$175,680.00","$117,120.00",$10.00,$2.00,no,High
Lisbon,Jan 2024,741,700,800,66690,"$200,070.00","$116,707.50","$83,362.50",$9.00,$1.75,no,High
Lisbon,Feb 2024,772,700,800,69480,"$208,440.00","$121,590.00","$86,850.00",$9.00,$1.75,no,High
Lisbon,Mar 2024,733,700,800,65970,"$197,910.00","$115,447.50","$82,462.50",$9.00,$1.75,no,High
Lisbon,Apr 2024,717,700,800,64530,"$193,590.00","$112,927.50","$80,662.50",$9.00,$1.75,no,High
Lisbon,May 2024,773,700,800,69570,"$208,710.00","$121,747.50","$86,962.50",$9.00,$1.75,no,High
Lisbon,Jun 2024,746,700,800,67140,"$201,420.00","$117,495.00","$83,925.00",$9.00,$1.75,no,High
Lisbon,Jul 2024,782,700,800,70380,"$211,140.00","$123,165.00","$87,975.00",$9.00,$1.75,no,High
Lisbon,Aug 2024,755,700,800,67950,"$203,850.00","$118,912.50","$84,937.50",$9.00,$1.75,no,High
Lisbon,Sep 2024,637,700,800,57330,"$171,990.00","$100,327.50","$71,662.50",$9.00,$1.75,yes,High
Lisbon,Oct 2024,787,700,800,70830,"$212,490.00","$123,952.50","$88,537.50",$9.00,$1.75,no,High
Lisbon,Nov 2024,750,700,800,67500,"$202,500.00","$118,125.00","$84,375.00",$9.00,$1.75,no,High
Lisbon,Dec 2024,752,700,800,67680,"$203,040.00","$118,440.00","$84,600.00",$9.00,$1.75,no,High
Lisbon,Jan 2025,748,700,800,67320,"$201,960.00","$117,810.00","$84,150.00",$9.00,$1.75,no,High
Lisbon,Feb 2025,726,700,800,65340,"$196,020.00","$114,345.00","$81,675.00",$9.00,$1.75,no,High
Lisbon,Mar 2025,795,700,800,71550,"$214,650.00","$125,212.50","$89,437.50",$9.00,$1.75,no,High
Lisbon,Apr 2025,772,700,800,69480,"$208,440.00","$121,590.00","$86,850.00",$9.00,$1.75,no,High
Lisbon,May 2025,785,700,800,70650,"$211,950.00","$123,637.50","$88,312.50",$9.00,$1.75,no,High
Lisbon,Jun 2025,786,700,800,70740,"$212,220.00","$123,795.00","$88,425.00",$9.00,$1.75,no,High
Lisbon,Jul 2025,740,700,800,66600,"$199,800.00","$116,550.00","$83,250.00",$9.00,$1.75,no,High
Lisbon,Aug 2025,777,700,800,69930,"$209,790.00","$122,377.50","$87,412.50",$9.00,$1.75,no,High
Lisbon,Sep 2025,717,700,800,64530,"$193,590.00","$112,927.50","$80,662.50",$9.00,$1.75,no,High
Lisbon,Oct 2025,653,700,800,58770,"$176,310.00","$102,847.50","$73,462.50",$9.00,$1.75,yes,High
Lisbon,Nov 2025,797,700,800,71730,"$215,190.00","$125,527.50","$89,662.50",$9.00,$1.75,no,High
Lisbon,Dec 2025,750,700,800,67500,"$202,500.00","$118,125.00","$84,375.00",$9.00,$1.75,no,High
Lisbon,Jan 2026,653,700,800,58770,"$176,310.00","$102,847.50","$73,462.50",$9.00,$1.75,yes,High
Lisbon,Feb 2026,751,700,800,67590,"$202,770.00","$118,282.50","$84,487.50",$9.00,$1.75,no,High
Lisbon,Mar 2026,789,700,800,71010,"$213,030.00","$124,267.50","$88,762.50",$9.00,$1.75,no,High
Auckland,Jan 2024,529,550,600,47610,"$142,830.00","$95,220.00","$47,610.00",$9.00,$2.00,yes,High
Auckland,Feb 2024,488,550,600,43920,"$131,760.00","$87,840.00","$43,920.00",$9.00,$2.00,yes,High
Auckland,Mar 2024,503,550,600,45270,"$135,810.00","$90,540.00","$45,270.00",$9.00,$2.00,yes,High
Auckland,Apr 2024,529,550,600,47610,"$142,830.00","$95,220.00","$47,610.00",$9.00,$2.00,yes,High
Auckland,May 2024,458,550,600,41220,"$123,660.00","$82,440.00","$41,220.00",$9.00,$2.00,yes,High
Auckland,Jun 2024,600,550,600,54000,"$162,000.00","$108,000.00","$54,000.00",$9.00,$2.00,no,High
Auckland,Jul 2024,541,550,600,48690,"$146,070.00","$97,380.00","$48,690.00",$9.00,$2.00,yes,High
Auckland,Aug 2024,496,550,600,44640,"$133,920.00","$89,280.00","$44,640.00",$9.00,$2.00,yes,High
Auckland,Sep 2024,476,550,600,42840,"$128,520.00","$85,680.00","$42,840.00",$9.00,$2.00,yes,High
Auckland,Oct 2024,530,550,600,47700,"$143,100.00","$95,400.00","$47,700.00",$9.00,$2.00,yes,High
Auckland,Nov 2024,600,550,600,54000,"$162,000.00","$108,000.00","$54,000.00",$9.00,$2.00,no,High
Auckland,Dec 2024,494,550,600,44460,"$133,380.00","$88,920.00","$44,460.00",$9.00,$2.00,yes,High
Auckland,Jan 2025,509,550,600,45810,"$137,430.00","$91,620.00","$45,810.00",$9.00,$2.00,yes,High
Auckland,Feb 2025,493,550,600,44370,"$133,110.00","$88,740.00","$44,370.00",$9.00,$2.00,yes,High
Auckland,Mar 2025,534,550,600,48060,"$144,180.00","$96,120.00","$48,060.00",$9.00,$2.00,yes,High
Auckland,Apr 2025,489,550,600,44010,"$132,030.00","$88,020.00","$44,010.00",$9.00,$2.00,yes,High
Auckland,May 2025,474,550,600,42660,"$127,980.00","$85,320.00","$42,660.00",$9.00,$2.00,yes,High
Auckland,Jun 2025,598,550,600,53820,"$161,460.00","$107,640.00","$53,820.00",$9.00,$2.00,no,High
Auckland,Jul 2025,580,550,600,52200,"$156,600.00","$104,400.00","$52,200.00",$9.00,$2.00,no,High
Auckland,Aug 2025,600,550,600,54000,"$162,000.00","$108,000.00","$54,000.00",$9.00,$2.00,no,High
Auckland,Sep 2025,507,550,600,45630,"$136,890.00","$91,260.00","$45,630.00",$9.00,$2.00,yes,High
Auckland,Oct 2025,524,550,600,47160,"$141,480.00","$94,320.00","$47,160.00",$9.00,$2.00,yes,High
Auckland,Nov 2025,511,550,600,45990,"$137,970.00","$91,980.00","$45,990.00",$9.00,$2.00,yes,High
Auckland,Dec 2025,540,550,600,48600,"$145,800.00","$97,200.00","$48,600.00",$9.00,$2.00,yes,High
Auckland,Jan 2026,530,550,600,47700,"$143,100.00","$95,400.00","$47,700.00",$9.00,$2.00,yes,High
Auckland,Feb 2026,485,550,600,43650,"$130,950.00","$87,300.00","$43,650.00",$9.00,$2.00,yes,High
Auckland,Mar 2026,512,550,600,46080,"$138,240.00","$92,160.00","$46,080.00",$9.00,$2.00,yes,High
Louisville,Jan 2024,497,450,500,44730,"$119,280.00","$78,277.50","$41,002.50",$8.00,$1.75,no,High
Louisville,Feb 2024,500,450,500,45000,"$120,000.00","$78,750.00","$41,250.00",$8.00,$1.75,no,High
Louisville,Mar 2024,500,450,500,45000,"$120,000.00","$78,750.00","$41,250.00",$8.00,$1.75,no,High
Louisville,Apr 2024,475,450,500,42750,"$114,000.00","$74,812.50","$39,187.50",$8.00,$1.75,no,High
Louisville,May 2024,490,450,500,44100,"$117,600.00","$77,175.00","$40,425.00",$8.00,$1.75,no,High
Louisville,Jun 2024,463,450,500,41670,"$111,120.00","$72,922.50","$38,197.50",$8.00,$1.75,no,High
Louisville,Jul 2024,499,450,500,44910,"$119,760.00","$78,592.50","$41,167.50",$8.00,$1.75,no,High
Louisville,Aug 2024,466,450,500,41940,"$111,840.00","$73,395.00","$38,445.00",$8.00,$1.75,no,High
Louisville,Sep 2024,500,450,500,45000,"$120,000.00","$78,750.00","$41,250.00",$8.00,$1.75,no,High
Louisville,Oct 2024,500,450,500,45000,"$120,000.00","$78,750.00","$41,250.00",$8.00,$1.75,no,High
Louisville,Nov 2024,472,450,500,42480,"$113,280.00","$74,340.00","$38,940.00",$8.00,$1.75,no,High
Louisville,Dec 2024,485,450,500,43650,"$116,400.00","$76,387.50","$40,012.50",$8.00,$1.75,no,High
Louisville,Jan 2025,499,450,500,44910,"$119,760.00","$78,592.50","$41,167.50",$8.00,$1.75,no,High
Louisville,Feb 2025,378,450,500,34020,"$90,720.00","$59,535.00","$31,185.00",$8.00,$1.75,yes,High
Louisville,Mar 2025,466,450,500,41940,"$111,840.00","$73,395.00","$38,445.00",$8.00,$1.75,no,High
Louisville,Apr 2025,500,450,500,45000,"$120,000.00","$78,750.00","$41,250.00",$8.00,$1.75,no,High
Louisville,May 2025,500,450,500,45000,"$120,000.00","$78,750.00","$41,250.00",$8.00,$1.75,no,High
Louisville,Jun 2025,500,450,500,45000,"$120,000.00","$78,750.00","$41,250.00",$8.00,$1.75,no,High
Louisville,Jul 2025,500,450,500,45000,"$120,000.00","$78,750.00","$41,250.00",$8.00,$1.75,no,High
Louisville,Aug 2025,412,450,500,37080,"$98,880.00","$64,890.00","$33,990.00",$8.00,$1.75,yes,High
Louisville,Sep 2025,495,450,500,44550,"$118,800.00","$77,962.50","$40,837.50",$8.00,$1.75,no,High
Louisville,Oct 2025,490,450,500,44100,"$117,600.00","$77,175.00","$40,425.00",$8.00,$1.75,no,High
Louisville,Nov 2025,500,450,500,45000,"$120,000.00","$78,750.00","$41,250.00",$8.00,$1.75,no,High
Louisville,Dec 2025,387,450,500,34830,"$92,880.00","$60,952.50","$31,927.50",$8.00,$1.75,yes,High
Louisville,Jan 2026,440,450,500,39600,"$105,600.00","$69,300.00","$36,300.00",$8.00,$1.75,yes,High
Louisville,Feb 2026,500,450,500,45000,"$120,000.00","$78,750.00","$41,250.00",$8.00,$1.75,no,High
Louisville,Mar 2026,374,450,500,33660,"$89,760.00","$58,905.00","$30,855.00",$8.00,$1.75,yes,High
Bordeaux,Jan 2024,344,350,400,30960,"$82,560.00","$46,440.00","$36,120.00",$8.00,$1.50,yes,High
Bordeaux,Feb 2024,312,350,400,28080,"$74,880.00","$42,120.00","$32,760.00",$8.00,$1.50,yes,High
Bordeaux,Mar 2024,346,350,400,31140,"$83,040.00","$46,710.00","$36,330.00",$8.00,$1.50,yes,High
Bordeaux,Apr 2024,318,350,400,28620,"$76,320.00","$42,930.00","$33,390.00",$8.00,$1.50,yes,High
Bordeaux,May 2024,342,350,400,30780,"$82,080.00","$46,170.00","$35,910.00",$8.00,$1.50,yes,High
Bordeaux,Jun 2024,315,350,400,28350,"$75,600.00","$42,525.00","$33,075.00",$8.00,$1.50,yes,High
Bordeaux,Jul 2024,333,350,400,29970,"$79,920.00","$44,955.00","$34,965.00",$8.00,$1.50,yes,High
Bordeaux,Aug 2024,374,350,400,33660,"$89,760.00","$50,490.00","$39,270.00",$8.00,$1.50,no,High
Bordeaux,Sep 2024,296,350,400,26640,"$71,040.00","$39,960.00","$31,080.00",$8.00,$1.50,yes,High
Bordeaux,Oct 2024,293,350,400,26370,"$70,320.00","$39,555.00","$30,765.00",$8.00,$1.50,yes,High
Bordeaux,Nov 2024,312,350,400,28080,"$74,880.00","$42,120.00","$32,760.00",$8.00,$1.50,yes,High
Bordeaux,Dec 2024,358,350,400,32220,"$85,920.00","$48,330.00","$37,590.00",$8.00,$1.50,no,High
Bordeaux,Jan 2025,314,350,400,28260,"$75,360.00","$42,390.00","$32,970.00",$8.00,$1.50,yes,High
Bordeaux,Feb 2025,392,350,400,35280,"$94,080.00","$52,920.00","$41,160.00",$8.00,$1.50,no,High
Bordeaux,Mar 2025,330,350,400,29700,"$79,200.00","$44,550.00","$34,650.00",$8.00,$1.50,yes,High
Bordeaux,Apr 2025,348,350,400,31320,"$83,520.00","$46,980.00","$36,540.00",$8.00,$1.50,yes,High
Bordeaux,May 2025,312,350,400,28080,"$74,880.00","$42,120.00","$32,760.00",$8.00,$1.50,yes,High
Bordeaux,Jun 2025,294,350,400,26460,"$70,560.00","$39,690.00","$30,870.00",$8.00,$1.50,yes,High
Bordeaux,Jul 2025,376,350,400,33840,"$90,240.00","$50,760.00","$39,480.00",$8.00,$1.50,no,High
Bordeaux,Aug 2025,327,350,400,29430,"$78,480.00","$44,145.00","$34,335.00",$8.00,$1.50,yes,High
Bordeaux,Sep 2025,288,350,400,25920,"$69,120.00","$38,880.00","$30,240.00",$8.00,$1.50,yes,High
Bordeaux,Oct 2025,302,350,400,27180,"$72,480.00","$40,770.00","$31,710.00",$8.00,$1.50,yes,High
Bordeaux,Nov 2025,322,350,400,28980,"$77,280.00","$43,470.00","$33,810.00",$8.00,$1.50,yes,High
Bordeaux,Dec 2025,335,350,400,30150,"$80,400.00","$45,225.00","$35,175.00",$8.00,$1.50,yes,High
Bordeaux,Jan 2026,300,350,400,27000,"$72,000.00","$40,500.00","$31,500.00",$8.00,$1.50,yes,High
Bordeaux,Feb 2026,307,350,400,27630,"$73,680.00","$41,445.00","$32,235.00",$8.00,$1.50,yes,High
Bordeaux,Mar 2026,343,350,400,30870,"$82,320.00","$46,305.00","$36,015.00",$8.00,$1.50,yes,High
New Haven,Jan 2024,292,300,325,26280,"$87,600.00","$52,560.00","$35,040.00",$10.00,$2.00,yes,High
New Haven,Feb 2024,310,300,325,27900,"$93,000.00","$55,800.00","$37,200.00",$10.00,$2.00,no,High
New Haven,Mar 2024,312,300,325,28080,"$93,600.00","$56,160.00","$37,440.00",$10.00,$2.00,no,High
New Haven,Apr 2024,306,300,325,27540,"$91,800.00","$55,080.00","$36,720.00",$10.00,$2.00,no,High
New Haven,May 2024,288,300,325,25920,"$86,400.00","$51,840.00","$34,560.00",$10.00,$2.00,yes,High
New Haven,Jun 2024,317,300,325,28530,"$95,100.00","$57,060.00","$38,040.00",$10.00,$2.00,no,High
New Haven,Jul 2024,307,300,325,27630,"$92,100.00","$55,260.00","$36,840.00",$10.00,$2.00,no,High
New Haven,Aug 2024,324,300,325,29160,"$97,200.00","$58,320.00","$38,880.00",$10.00,$2.00,no,High
New Haven,Sep 2024,323,300,325,29070,"$96,900.00","$58,140.00","$38,760.00",$10.00,$2.00,no,High
New Haven,Oct 2024,324,300,325,29160,"$97,200.00","$58,320.00","$38,880.00",$10.00,$2.00,no,High
New Haven,Nov 2024,324,300,325,29160,"$97,200.00","$58,320.00","$38,880.00",$10.00,$2.00,no,High
New Haven,Dec 2024,307,300,325,27630,"$92,100.00","$55,260.00","$36,840.00",$10.00,$2.00,no,High
New Haven,Jan 2025,325,300,325,29250,"$97,500.00","$58,500.00","$39,000.00",$10.00,$2.00,no,High
New Haven,Feb 2025,322,300,325,28980,"$96,600.00","$57,960.00","$38,640.00",$10.00,$2.00,no,High
New Haven,Mar 2025,308,300,325,27720,"$92,400.00","$55,440.00","$36,960.00",$10.00,$2.00,no,High
New Haven,Apr 2025,320,300,325,28800,"$96,000.00","$57,600.00","$38,400.00",$10.00,$2.00,no,High
New Haven,May 2025,323,300,325,29070,"$96,900.00","$58,140.00","$38,760.00",$10.00,$2.00,no,High
New Haven,Jun 2025,308,300,325,27720,"$92,400.00","$55,440.00","$36,960.00",$10.00,$2.00,no,High
New Haven,Jul 2025,325,300,325,29250,"$97,500.00","$58,500.00","$39,000.00",$10.00,$2.00,no,High
New Haven,Aug 2025,315,300,325,28350,"$94,500.00","$56,700.00","$37,800.00",$10.00,$2.00,no,High
New Haven,Sep 2025,325,300,325,29250,"$97,500.00","$58,500.00","$39,000.00",$10.00,$2.00,no,High
New Haven,Oct 2025,325,300,325,29250,"$97,500.00","$58,500.00","$39,000.00",$10.00,$2.00,no,High
New Haven,Nov 2025,322,300,325,28980,"$96,600.00","$57,960.00","$38,640.00",$10.00,$2.00,no,High
New Haven,Dec 2025,309,300,325,27810,"$92,700.00","$55,620.00","$37,080.00",$10.00,$2.00,no,High
New Haven,Jan 2026,325,300,325,29250,"$97,500.00","$58,500.00","$39,000.00",$10.00,$2.00,no,High
New Haven,Feb 2026,325,300,325,29250,"$97,500.00","$58,500.00","$39,000.00",$10.00,$2.00,no,High
New Haven,Mar 2026,313,300,325,28170,"$93,900.00","$56,340.00","$37,560.00",$10.00,$2.00,no,High
